Feature,Importance,Asset
SMA_30,0.13863619,US Large Cap Equities
SMA_60,0.14012541,US Large Cap Equities
EMA_30,0.11926645,US Large Cap Equities
EMA_60,0.16221367,US Large Cap Equities
RSI_14,0.14249237,US Large Cap Equities
MACD,0.14213867,US Large Cap Equities
MACD_Signal,0.15512723,US Large Cap Equities
SMA_30,0.14187351,US Small Cap Equities
SMA_60,0.14448151,US Small Cap Equities
EMA_30,0.16025038,US Small Cap Equities
EMA_60,0.13553384,US Small Cap Equities
RSI_14,0.13282862,US Small Cap Equities
MACD,0.14622308,US Small Cap Equities
MACD_Signal,0.13880906,US Small Cap Equities
SMA_30,0.12826115,US Investment Grade Bonds
SMA_60,0.14660475,US Investment Grade Bonds
EMA_30,0.13514432,US Investment Grade Bonds
EMA_60,0.13006717,US Investment Grade Bonds
RSI_14,0.14952546,US Investment Grade Bonds
MACD,0.161838,US Investment Grade Bonds
MACD_Signal,0.14855914,US Investment Grade Bonds
SMA_30,0.13017578,US High Yield Bonds
SMA_60,0.12774616,US High Yield Bonds
EMA_30,0.15848324,US High Yield Bonds
EMA_60,0.121886425,US High Yield Bonds
RSI_14,0.17490868,US High Yield Bonds
MACD,0.1340476,US High Yield Bonds
MACD_Signal,0.15275216,US High Yield Bonds
SMA_30,0.12144517,US Bank Loans
SMA_60,0.11833741,US Bank Loans
EMA_30,0.13695844,US Bank Loans
EMA_60,0.13660885,US Bank Loans
RSI_14,0.21554713,US Bank Loans
MACD,0.12891296,US Bank Loans
MACD_Signal,0.14218996,US Bank Loans
SMA_30,0.13681309,Developed Country Equities
SMA_60,0.15537864,Developed Country Equities
EMA_30,0.14292844,Developed Country Equities
EMA_60,0.158448,Developed Country Equities
RSI_14,0.124823965,Developed Country Equities
MACD,0.13713624,Developed Country Equities
MACD_Signal,0.14447168,Developed Country Equities
SMA_30,0.13188331,Emerging Market Equities
SMA_60,0.14441781,Emerging Market Equities
EMA_30,0.16093667,Emerging Market Equities
EMA_60,0.14494577,Emerging Market Equities
RSI_14,0.14234847,Emerging Market Equities
MACD,0.13864937,Emerging Market Equities
MACD_Signal,0.13681854,Emerging Market Equities
SMA_30,0.13051945,Emerging Market Debt
SMA_60,0.1384767,Emerging Market Debt
EMA_30,0.13914728,Emerging Market Debt
EMA_60,0.15995444,Emerging Market Debt
RSI_14,0.15107691,Emerging Market Debt
MACD,0.14803033,Emerging Market Debt
MACD_Signal,0.13279493,Emerging Market Debt
